Exp_name, sols, incomp_total, incomp_total2, incomp_avg, ni_total, ni_avg, ratio_total, ratio_total2,ratio_avg
hu_closed_vote_30,268,777.0,509.0,48.5625,36046.0,134.0,0.021555789824113634,0.014120845586195417,0.36240671641791045
hu_gen_zoo_20,4286,45002.0,15000.0,2812.625,16585920.0,2879.5,0.0027132652273735795,0.0009043815477224055,0.9767754818544886
hu_disc_zoo_50,0,0.0,0.0,nan,0.0,0.0,nan,nan,nan
hu_minimal_lymph_30,167764,3227512.0,711052.0,119537.48148148147,nan,nan,nan,nan,nan
relevant_subgroups_heart_10,150,2717.0,467.0,60.37777777777777,30628.0,123.5,0.08870967741935484,0.015247485960558966,0.4888888888888889
hu_disc_heart_40,2,6.0,2.0,0.15,3.0,1.0,2.0,0.6666666666666666,0.15
relevant_subgroups_zoo_30,63,282.0,220.0,17.625,2668.5,36.0,0.10567734682405847,0.08244332021735057,0.4895833333333333
hu_disc_anneal_50,230,317.0,67.0,9.90625,15153.0,79.0,0.020919949844915197,0.004421566686464726,0.12539556962025317
hu_disc_krvskp_30,0,0.0,0.0,0.0,0.0,0.0,nan,nan,nan
hu_gen_krvskp_50,427,9728.0,2042.0,277.9428571428571,nan,nan,nan,nan,nan
relevant_subgroups_heart_20,148,1772.0,736.0,39.37777777777778,17020.0,92.0,0.10411280846063455,0.043243243243243246,0.4280193236714976
relevant_subgroups_aus_20,2,33.0,3.0,0.6470588235294118,3.0,1.0,11.0,1.0,0.6470588235294118
relevant_subgroups_audio_20,147,8043.0,546.0,120.04477611940298,33153.0,128.5,0.24260247941362773,0.016469097819201882,0.9342005923688949
relevant_subgroups_lymph_50,439,1105.0,1105.0,73.66666666666667,94193.0,216.75,0.011731232681834106,0.011731232681834106,0.33986928104575165
relevant_subgroups_heart_50,36,103.0,68.0,3.9615384615384617,648.0,17.75,0.15895061728395063,0.10493827160493827,0.22318526543878658
hu_closed_hypo_50,1342,20996.0,6234.0,512.0975609756098,nan,nan,nan,nan,nan
hu_disc_heart_10,131,2210.0,376.0,49.111111111111114,36315.0,134.5,0.060856395428886136,0.010353848272063886,0.3651383725733168
hu_gen_hepatit_20,1819,38811.0,6069.0,1141.5,3512575.0,1325.0,0.011049159092688412,0.0017277922891326164,0.8615094339622642
hu_disc_anneal_20,19,450.0,70.0,10.714285714285714,32385.0,127.0,0.013895321908290875,0.0021614945190674695,0.0843644544431946
relevant_subgroups_zoo_50,12,17.0,17.0,2.125,78.0,6.0,0.21794871794871795,0.21794871794871795,0.3541666666666667
hu_gen_german_30,144,4214.0,470.0,110.89473684210526,19503.0,98.5,0.21606932266830745,0.024098856586166232,1.125834891798023
hu_gen_zoo_10,0,0.0,0.0,nan,0.0,0.0,nan,nan,nan
hu_disc_aus_20,0,0.0,0.0,0.0,0.0,0.0,nan,nan,nan
relevant_subgroups_vote_40,3,0.0,0.0,0.0,6.0,1.5,0.0,0.0,0.0
hu_gen_vote_20,2983,33929.0,10065.0,2120.5625,4492503.0,1498.5,0.007552360009553694,0.0022403991716866967,1.4151234567901234
hu_closed_lymph_20,98,336.0,50.0,12.444444444444445,2966.0,36.0,0.11328388401888065,0.016857720836142953,0.345679012345679
hu_gen_heart_40,4928,186202.0,18650.0,4137.822222222222,nan,nan,nan,nan,nan
relevant_subgroups_hepatit_40,177,515.0,291.0,16.612903225806452,12882.0,79.5,0.0399782642446825,0.022589659990684675,0.20896733617366606
hu_minimal_lymph_40,131705,2550115.0,574540.0,94448.70370370371,nan,nan,nan,nan,nan
relevant_subgroups_hypo_20,0,0.0,0.0,nan,nan,nan,nan,nan,nan
hu_disc_tumor_40,1,3.0,1.0,0.21428571428571427,1.0,0.5,3.0,1.0,0.42857142857142855
hu_closed_audio_10,6761,388098.0,50048.0,5792.507462686567,nan,nan,nan,nan,nan
hu_gen_hepatit_10,4643,76378.0,16019.0,2246.4117647058824,25429146.0,3565.5,0.0030035613464958672,0.0006299464401989749,0.6300411624473096
hu_minimal_tumor_20,10456,84081.0,32319.0,5605.4,46130602.0,4792.5,0.0018226729406219326,0.0007005978374182067,1.1696191966614502
hu_closed_vote_40,5,12.0,7.0,0.75,15.0,2.5,0.8,0.4666666666666667,0.3
hu_gen_audio_20,268883,172709.0,172709.0,3837.9777777777776,nan,nan,nan,nan,nan
hu_gen_tumor_10,0,0.0,0.0,nan,0.0,0.0,nan,nan,nan
hu_minimal_zoo_20,4156,43507.0,14415.0,2719.1875,8638246.0,2078.0,0.005036554874681735,0.0016687415477632844,1.3085599133782484
hu_closed_aus_30,9566,117802.0,41274.0,2309.843137254902,nan,nan,nan,nan,nan
hu_minimal_zoo_30,8454,81954.0,31230.0,5122.125,35739285.0,4227.0,0.002293106871052401,0.0008738283376402186,1.211763662171753
relevant_subgroups_tumor_40,39,147.0,69.0,10.5,nan,nan,nan,nan,nan
relevant_subgroups_hepatit_30,2,9.0,1.0,0.2647058823529412,3.0,1.0,3.0,0.3333333333333333,0.2647058823529412
hu_gen_vote_50,0,0.0,0.0,nan,0.0,0.0,nan,nan,nan
hu_minimal_zoo_40,8936,86426.0,32810.0,5401.625,26277946.666666668,2963.5,0.0032889175511430116,0.0012485754848425498,1.8227180698498398
hu_disc_krvskp_50,0,0.0,0.0,nan,0.0,0.0,nan,nan,nan
hu_closed_anneal_20,8727,218467.0,52654.0,5201.5952380952385,nan,nan,nan,nan,nan
hu_closed_krvskp_20,295,5245.0,1115.0,145.69444444444446,nan,nan,nan,nan,nan
hu_gen_aus_30,295,10815.0,785.0,212.0588235294118,nan,nan,nan,nan,nan
hu_disc_german_30,0,0.0,0.0,0.0,0.0,0.0,nan,nan,nan
hu_disc_lymph_50,0,0.0,0.0,nan,0.0,0.0,nan,nan,nan
hu_closed_german_40,1969,11048.0,7110.0,290.7368421052632,nan,nan,nan,nan,nan
hu_minimal_vote_30,7670,73202.0,23954.0,4575.125,22416119.6,2993.5,0.003265596423744991,0.0010686060044040806,1.528353098379823
hu_disc_vote_20,5,10.0,5.0,0.625,15.0,2.5,0.6666666666666666,0.3333333333333333,0.25
hu_minimal_lymph_20,146201,2583153.0,682540.0,95672.33333333333,nan,nan,nan,nan,nan
hu_closed_vote_10,5267,21387.0,16120.0,1336.6875,14308575.0,2674.5,0.0014946981093505118,0.0011265971628900851,0.4997896803140774
relevant_subgroups_audio_30,168,461.0,20.0,7.092307692307692,7362.0,50.0,0.06261885357239881,0.0027166530834012497,0.14184615384615384
hu_disc_krvskp_20,0,0.0,0.0,0.0,0.0,0.0,nan,nan,nan
relevant_subgroups_krvskp_20,0,0.0,0.0,nan,nan,nan,nan,nan,nan
hu_closed_krvskp_30,4371,62726.0,23387.0,1742.388888888889,nan,nan,nan,nan,nan
hu_gen_lymph_50,1044,20259.0,3555.0,880.8260869565217,1262272.5,758.25,0.016049624783871945,0.0028163490846865474,1.1616565604438138
hu_gen_vote_30,268,3243.0,831.0,202.6875,36046.0,134.0,0.0899683737446596,0.02305387560339566,1.5125932835820894
hu_closed_hypo_20,39,900.0,159.0,20.930232558139537,5904.75,50.875,0.15241966213641558,0.02692747364410009,0.4114050625678533
hu_closed_heart_10,3360,63540.0,23220.0,1412.0,nan,nan,nan,nan,nan
hu_closed_tumor_30,1224,5463.0,3081.0,364.2,736953.0,606.75,0.00741295577872673,0.004180727943301676,0.600247218788628
hu_disc_krvskp_40,0,0.0,0.0,0.0,0.0,0.0,nan,nan,nan
hu_closed_krvskp_40,1035,13037.0,4757.0,362.1388888888889,nan,nan,nan,nan,nan
hu_gen_hypo_30,3222,79401.0,14961.0,1846.5348837209306,nan,nan,nan,nan,nan
hu_minimal_anneal_30,6866,73610.0,32414.0,1752.6190476190477,nan,nan,nan,nan,nan
hu_disc_vote_10,723,2595.0,1872.0,162.1875,261726.0,361.5,0.009914949221705141,0.007152518282478623,0.4486514522821577
hu_disc_aus_30,0,0.0,0.0,0.0,0.0,0.0,nan,nan,nan
hu_gen_anneal_30,0,0.0,0.0,nan,0.0,0.0,nan,nan,nan
hu_gen_krvskp_40,1230,28051.0,7141.0,779.1944444444445,nan,nan,nan,nan,nan
hu_gen_lymph_20,12996,227878.0,71926.0,8439.925925925925,405597921.0,14240.5,0.0005618322683660896,0.00017733325610414064,0.5926706173186282
hu_minimal_lymph_50,113579,2327210.0,509946.0,86192.96296296296,nan,nan,nan,nan,nan
relevant_subgroups_lymph_40,1211,2450.0,1722.0,136.11111111111111,603372.0,545.75,0.004060513248874658,0.0028539607406376168,0.24940194431719856
relevant_subgroups_hepatit_20,2,13.0,1.0,0.38235294117647056,3.0,1.0,4.333333333333333,0.3333333333333333,0.38235294117647056
relevant_subgroups_anneal_50,124,2140.0,528.0,64.84848484848484,nan,nan,nan,nan,nan
hu_gen_heart_50,527,17461.0,1651.0,447.71794871794873,151503.0,274.75,0.11525184319782447,0.010897473977412989,1.6295466741326614
hu_minimal_tumor_50,9220,83463.0,32439.0,5564.2,38717141.8,4379.3,0.002155711814450105,0.0008378459383073572,1.270568355673281
hu_gen_lymph_30,9811,192797.0,45632.0,7140.62962962963,152009226.0,7552.125,0.0012683243318402267,0.00030019230543282943,0.9455126377846804
hu_disc_tumor_30,19,69.0,31.0,4.6,190.0,9.5,0.3631578947368421,0.1631578947368421,0.4842105263157894
hu_gen_heart_30,21,710.0,59.0,15.777777777777779,231.0,10.5,3.0735930735930737,0.2554112554112554,1.5026455026455028
hu_gen_tumor_50,61,554.0,127.0,39.57142857142857,1891.0,30.5,0.29296668429402434,0.0671602326811211,1.297423887587822
relevant_subgroups_lymph_30,1147,8154.0,5860.0,302.0,nan,nan,nan,nan,nan
hu_closed_hepatit_10,6577,115120.0,29619.0,3385.8823529411766,nan,nan,nan,nan,nan
hu_disc_audio_30,51,1351.0,127.0,20.46969696969697,64980.0,180.0,0.020791012619267468,0.001954447522314558,0.11372053872053872
hu_closed_aus_40,4474,41212.0,14368.0,808.0784313725491,nan,nan,nan,nan,nan
hu_closed_anneal_10,15751,452551.0,121780.0,10775.02380952381,nan,nan,nan,nan,nan
hu_closed_hepatit_30,72,732.0,228.0,21.529411764705884,12246.0,78.0,0.05977462028417443,0.018618324350808426,0.27601809954751133
relevant_subgroups_german_40,4,14.0,6.0,0.5185185185185185,10.0,2.0,1.4,0.6,0.25925925925925924
hu_gen_vote_40,5,63.0,8.0,3.9375,15.0,2.5,4.2,0.5333333333333333,1.575
hu_gen_german_10,8589,217411.0,45631.0,5721.3421052631575,nan,nan,nan,nan,nan
hu_gen_anneal_20,404735,8303195.0,2232170.0,197695.11904761905,nan,nan,nan,nan,nan
hu_gen_krvskp_20,0,nan,nan,nan,0.0,0.0,nan,nan,nan
hu_disc_zoo_40,0,0.0,0.0,nan,0.0,0.0,nan,nan,nan
hu_minimal_anneal_10,225007,2765109.0,1415067.0,65835.92857142857,nan,nan,nan,nan,nan
hu_disc_tumor_10,1006,5537.0,2519.0,369.1333333333333,506521.0,503.0,0.010931432260459093,0.004973140304153234,0.7338634857521538
relevant_subgroups_hepatit_50,258,431.0,431.0,18.73913043478261,30570.5,123.25,0.014098559068382917,0.014098559068382917,0.1520416262457007
relevant_subgroups_anneal_30,290,6185.0,965.0,147.26190476190476,nan,nan,nan,nan,nan
hu_disc_audio_10,130,7331.0,441.0,109.41791044776119,6489003.0,1801.0,0.001129757529777687,6.796113362869457e-05,0.06075397581774636
hu_gen_anneal_50,46920,1192358.0,207038.0,29081.90243902439,nan,nan,nan,nan,nan
relevant_subgroups_vote_10,2523,9778.0,7255.0,611.125,nan,nan,nan,nan,nan
hu_disc_heart_50,0,0.0,0.0,0.0,0.0,0.0,nan,nan,nan
hu_gen_heart_10,256,6405.0,773.0,142.33333333333334,43660.0,147.5,0.14670178653229501,0.01770499312872194,0.9649717514124294
hu_gen_hypo_40,1766,46578.0,7726.0,1083.2093023255813,nan,nan,nan,nan,nan
hu_disc_anneal_40,15,267.0,42.0,6.846153846153846,4005.0,44.5,0.06666666666666667,0.010486891385767791,0.15384615384615383
hu_closed_krvskp_50,381,4368.0,1701.0,124.8,93096.0,215.5,0.04691930910028358,0.018271461716937356,0.5791183294663573
hu_minimal_vote_20,7030,73398.0,23870.0,4587.375,23152063.666666668,3400.8333333333335,0.0031702573497011948,0.0010310096043130265,1.3488973290860082
relevant_subgroups_vote_20,628,1920.0,1292.0,120.0,nan,nan,nan,nan,nan
hu_gen_krvskp_10,45732,370907.0,142247.0,20605.944444444445,nan,nan,nan,nan,nan
hu_gen_hepatit_30,586,14458.0,1566.0,425.2352941176471,352380.0,419.5,0.041029570350190135,0.004444066065043419,1.013671738063521
hu_closed_lymph_40,1576,13188.0,5308.0,488.44444444444446,3837835.0,1385.0,0.003436312400090155,0.0013830714452288855,0.3526674689129563
hu_closed_vote_20,2983,10852.0,10852.0,678.25,4528545.0,1504.5,0.002396354679041502,0.002396354679041502,0.45081422399468263
hu_gen_german_40,2338,75112.0,7310.0,1976.6315789473683,nan,nan,nan,nan,nan
hu_gen_tumor_40,310,3021.0,851.0,201.4,48205.0,155.0,0.06266984752619023,0.017653770355772223,1.2993548387096774
hu_gen_zoo_30,1132,11959.0,2903.0,747.4375,906246.5,665.5,0.01319618889562608,0.003203322716280835,1.123121712997746
hu_closed_heart_30,7165,64790.0,28965.0,1439.7777777777778,nan,nan,nan,nan,nan
hu_disc_hepatit_50,0,0.0,0.0,0.0,0.0,0.0,nan,nan,nan
hu_gen_vote_10,9962,109203.0,39469.0,6825.1875,nan,nan,nan,nan,nan
hu_closed_audio_30,7357,372936.0,41871.0,5566.20895522388,221456535.0,10522.5,0.0016840144274812212,0.00018907096148686693,0.5289816065786535
hu_closed_german_20,359,3805.0,1292.0,100.13157894736842,nan,nan,nan,nan,nan
hu_disc_hepatit_10,21,365.0,50.0,10.735294117647058,3003.0,38.5,0.12154512154512155,0.016650016650016652,0.27883880825057294
hu_disc_lymph_40,30,53.0,20.0,3.1176470588235294,292.5,11.25,0.1811965811965812,0.06837606837606838,0.27712418300653596
hu_closed_hepatit_50,3422,12207.0,12207.0,359.02941176470586,11340703.0,2381.0,0.0010763882979741204,0.0010763882979741204,0.15078933715443338
hu_closed_zoo_20,4374,27727.0,23353.0,1732.9375,30151495.0,3882.5,0.0009195895593236753,0.0007745221256856418,0.4463457823567289
hu_disc_german_50,0,0.0,0.0,nan,0.0,0.0,nan,nan,nan
hu_gen_hypo_50,20634,556258.0,81676.0,13567.268292682927,nan,nan,nan,nan,nan
relevant_subgroups_audio_40,1857,84436.0,8299.0,1299.0153846153846,nan,nan,nan,nan,nan
hu_gen_anneal_10,886,13508.0,4648.0,321.6190476190476,582660.0,539.5,0.023183331617066556,0.007977207977207978,0.5961428130102828
relevant_subgroups_german_50,0,0.0,0.0,nan,0.0,0.0,nan,nan,nan
relevant_subgroups_vote_50,0,0.0,0.0,nan,0.0,0.0,nan,nan,nan
relevant_subgroups_audio_50,522,21547.0,1711.0,359.1166666666666,nan,nan,nan,nan,nan
hu_gen_hypo_10,1029,19720.0,5314.0,458.6046511627907,nan,nan,nan,nan,nan
relevant_subgroups_audio_10,665,38158.0,2913.0,569.5223880597015,nan,nan,nan,nan,nan
hu_closed_zoo_40,43,168.0,125.0,10.5,2346.0,34.0,0.07161125319693094,0.05328218243819267,0.3088235294117647
hu_disc_audio_40,0,0.0,0.0,0.0,0.0,0.0,nan,nan,nan
hu_minimal_vote_50,2610,21317.0,6206.0,1332.3125,2165232.166666667,1022.75,0.009845133620390053,0.002866205340720583,1.302676607186507
relevant_subgroups_lymph_10,636,8374.0,2014.0,310.14814814814815,nan,nan,nan,nan,nan
relevant_subgroups_aus_30,17,157.0,31.0,3.0784313725490198,129.0,7.75,1.2170542635658914,0.24031007751937986,0.3972169512966477
hu_disc_zoo_20,1475,1444.0,1196.0,90.25,607150.5,494.0,0.0023783230022869123,0.001969857555910767,0.18269230769230768
hu_gen_aus_50,4488,190161.0,15129.0,3880.8367346938776,nan,nan,nan,nan,nan
relevant_subgroups_heart_30,90,647.0,232.0,14.377777777777778,3918.0,44.0,0.16513527309851966,0.059213884635017866,0.32676767676767676
hu_disc_hypo_10,0,0.0,0.0,0.0,0.0,0.0,nan,nan,nan
hu_disc_hypo_20,0,0.0,0.0,0.0,0.0,0.0,nan,nan,nan
hu_gen_aus_20,5,156.0,11.0,3.0588235294117645,21.0,3.0,7.428571428571429,0.5238095238095238,1.0196078431372548
relevant_subgroups_aus_50,10,46.0,16.0,1.5333333333333334,55.0,5.0,0.8363636363636363,0.2909090909090909,0.3066666666666667
hu_closed_lymph_50,1420,1697.0,737.0,80.80952380952381,546173.0,457.0,0.0031070741321888853,0.0013493892960655324,0.176826091486923
relevant_subgroups_tumor_10,2173,12190.0,7844.0,812.6666666666666,nan,nan,nan,nan,nan
relevant_subgroups_zoo_20,814,4806.0,3992.0,300.375,515620.0,507.5,0.009320817656413637,0.007742135681315697,0.5918719211822661
hu_closed_zoo_50,7,24.0,10.0,1.7142857142857142,28.0,3.5,0.8571428571428571,0.35714285714285715,0.4897959183673469
hu_closed_hypo_30,2748,55234.0,14014.0,1284.5116279069769,nan,nan,nan,nan,nan
relevant_subgroups_zoo_40,3,10.0,4.0,0.6666666666666666,nan,nan,nan,nan,nan
hu_minimal_zoo_10,0,0.0,0.0,nan,nan,nan,nan,nan,nan
hu_gen_german_50,398,9954.0,1198.0,331.8,100339.5,222.5,0.09920320511862228,0.011939465514578008,1.4912359550561798
relevant_subgroups_zoo_10,3957,23965.0,16051.0,1497.8125,nan,nan,nan,nan,nan
hu_disc_zoo_30,5,17.0,7.0,1.1333333333333333,15.0,2.5,1.1333333333333333,0.4666666666666667,0.4533333333333333
hu_disc_heart_30,7,36.0,8.0,0.8,28.0,3.5,1.2857142857142858,0.2857142857142857,0.2285714285714286
hu_disc_tumor_20,540,2352.0,1276.0,156.8,145800.0,269.75,0.016131687242798353,0.008751714677640604,0.5812789620018536
hu_gen_lymph_40,4181,89209.0,18132.0,3304.037037037037,27162135.0,3685.0,0.0032843147271007967,0.0006675469362036527,0.8966179204985175
hu_closed_hepatit_40,4363,24757.0,16031.0,728.1470588235294,20215261.0,3179.0,0.0012246688281689758,0.0007930147426738641,0.22904909053901523
hu_closed_anneal_30,2555,57452.0,14017.0,1367.9047619047622,nan,nan,nan,nan,nan
relevant_subgroups_hepatit_10,220,3940.0,640.0,115.88235294117646,162735.0,285.0,0.024211140811749163,0.003932774142010017,0.40660474716202266
hu_minimal_tumor_30,9566,85422.0,33024.0,5694.8,43986613.5,4688.5,0.001941999922317275,0.0007507738689635654,1.2146315452703424
hu_minimal_anneal_20,6866,73610.0,32414.0,1752.6190476190477,nan,nan,nan,nan,nan
hu_disc_vote_40,0,0.0,0.0,nan,0.0,0.0,nan,nan,nan
relevant_subgroups_german_20,0,0.0,0.0,0.0,0.0,0.0,nan,nan,nan
hu_disc_hepatit_40,3,7.0,4.0,0.23333333333333334,6.0,1.5,1.1666666666666667,0.6666666666666666,0.15555555555555556
hu_gen_aus_40,18,699.0,33.0,13.705882352941176,190.0,9.5,3.6789473684210527,0.1736842105263158,1.4427244582043344
hu_disc_vote_50,0,0.0,0.0,nan,0.0,0.0,nan,nan,nan
hu_disc_german_20,0,0.0,0.0,0.0,0.0,0.0,nan,nan,nan
hu_gen_heart_20,485,14788.0,1693.0,328.6222222222222,169071.0,290.5,0.08746621241963436,0.010013544605520758,1.131229680627271
relevant_subgroups_tumor_50,2,7.0,3.0,0.5384615384615384,3.0,1.0,2.3333333333333335,1.0,0.5384615384615384
hu_closed_german_50,601,1679.0,1302.0,55.96666666666667,141639.5,263.25,0.011854037891972225,0.009192351003780725,0.21259892371003483
hu_disc_aus_40,0,0.0,0.0,0.0,0.0,0.0,nan,nan,nan
hu_closed_audio_20,9667,510371.0,56022.0,7617.477611940299,nan,nan,nan,nan,nan
hu_closed_vote_50,0,0.0,0.0,nan,0.0,0.0,nan,nan,nan
hu_minimal_tumor_10,8449,74663.0,28475.0,4977.533333333334,23244184.333333332,2786.0,0.0032121152942729634,0.0012250376090489617,1.7866235941612827
hu_gen_audio_30,466380,9055377.0,3458817.0,135154.8805970149,nan,nan,nan,nan,nan
hu_closed_tumor_20,4741,23743.0,14261.0,1582.8666666666666,12323130.0,2482.0,0.0019267020635179537,0.0011572546909754259,0.6377383830244426
hu_closed_tumor_50,61,239.0,117.0,17.071428571428573,1891.0,30.5,0.1263881544156531,0.06187202538339503,0.5597189695550352
relevant_subgroups_lymph_20,1783,17006.0,8091.0,629.8518518518518,nan,nan,nan,nan,nan
hu_closed_lymph_30,6,34.0,4.0,1.2592592592592593,15.5,2.5,2.193548387096774,0.25806451612903225,0.5037037037037038
hu_disc_hypo_50,0,0.0,0.0,nan,0.0,0.0,nan,nan,nan
hu_closed_german_10,5581,72381.0,22152.0,1904.7631578947369,nan,nan,nan,nan,nan
hu_gen_tumor_20,1998,19339.0,7351.0,1289.2666666666667,2002003.5,1000.25,0.009659823272037236,0.003671821752559374,1.288944430559027
hu_disc_aus_50,0,0.0,0.0,0.0,0.0,0.0,nan,nan,nan
hu_minimal_zoo_50,8948,86551.0,32863.0,5409.4375,40037826.0,4474.0,0.002161730759307461,0.0008207988116038068,1.2090830353151543
hu_closed_anneal_40,9163,182555.0,54273.0,4346.547619047619,nan,nan,nan,nan,nan
hu_minimal_vote_10,0,0.0,0.0,nan,0.0,0.0,nan,nan,nan
hu_disc_anneal_30,1,24.0,1.0,0.5714285714285714,36.0,4.0,0.6666666666666666,0.027777777777777776,0.14285714285714285
hu_disc_zoo_10,4955,31883.0,26928.0,1992.6875,23069028.0,3396.0,0.001382069500284104,0.001167279349611089,0.5867748822143698
hu_gen_aus_10,8912,242546.0,28658.0,4755.803921568628,nan,nan,nan,nan,nan
hu_disc_aus_10,2179,40710.0,8025.0,798.2352941176472,nan,nan,nan,nan,nan
hu_minimal_tumor_40,9359,84646.0,32890.0,5643.066666666667,42695940.0,4619.75,0.0019825304232674113,0.0007703308558143936,1.221509100420297
hu_disc_lymph_30,1614,869.0,446.0,32.18518518518518,765727.5,572.25,0.0011348684747511354,0.0005824526349125505,0.05624322443894309
hu_closed_german_30,9087,63511.0,45337.0,1671.342105263158,nan,nan,nan,nan,nan
hu_disc_lymph_10,758,1490.0,340.0,55.18518518518518,167778.0,266.75,0.008880782939360345,0.0020264873821359175,0.20687979450866048
relevant_subgroups_tumor_30,348,1483.0,787.0,98.86666666666666,nan,nan,nan,nan,nan
hu_closed_lymph_10,397,5667.0,1300.0,209.88888888888889,540280.0,519.5,0.010489005700747761,0.002406159769008662,0.40402096032509893
hu_closed_audio_50,6699,301145.0,33185.0,4705.390625,184099266.0,9594.0,0.00163577512579545,0.00018025601470893424,0.4904513888888889
hu_closed_hypo_40,1629,29213.0,8036.0,679.3720930232558,nan,nan,nan,nan,nan
hu_gen_anneal_40,0,0.0,0.0,nan,0.0,0.0,nan,nan,nan
hu_closed_heart_20,8484,107547.0,48159.0,2389.9333333333334,nan,nan,nan,nan,nan
hu_closed_hepatit_20,179,2527.0,379.0,74.32352941176471,159330.0,282.0,0.01586016443858658,0.002378710851691458,0.26355861493533583
hu_gen_hepatit_50,3610,108546.0,11076.0,3192.529411764706,7971083.0,1987.75,0.01361747205492654,0.0013895226031393727,1.6061020811292697
hu_gen_lymph_10,2391,34299.0,10389.0,1270.3333333333333,11160450.0,2362.0,0.003073263174871981,0.0009308764431541739,0.5378210556025966
hu_closed_hypo_10,481,13015.0,2433.0,302.6744186046512,nan,nan,nan,nan,nan
hu_minimal_lymph_10,13564,104168.0,39287.0,3858.074074074074,91997830.0,6782.0,0.001132287576783061,0.0004270426813328097,0.5688696658911935
hu_gen_german_20,6,161.0,11.0,4.2368421052631575,28.0,3.5,5.75,0.39285714285714285,1.2105263157894737
hu_disc_german_40,0,0.0,0.0,0.0,0.0,0.0,nan,nan,nan
hu_closed_audio_40,8283,396564.0,40395.0,6100.984615384616,240013095.0,10954.5,0.0016522598485720122,0.0001683033169502689,0.5569386658801968
hu_gen_audio_50,278407,5803531.0,2184240.0,90680.171875,nan,nan,nan,nan,nan
hu_disc_hepatit_20,151,521.0,107.0,15.323529411764707,8958.5,66.0,0.058157057543115474,0.01194396383323101,0.232174688057041
hu_closed_tumor_10,3812,21710.0,14086.0,1447.3333333333333,7267578.0,1906.0,0.002987240040629767,0.0019381972921377658,0.7593564183280868
hu_closed_aus_50,2093,13681.0,7402.0,279.2040816326531,nan,nan,nan,nan,nan
hu_disc_krvskp_10,0,0.0,0.0,0.0,0.0,0.0,nan,nan,nan
hu_closed_zoo_10,0,0.0,0.0,nan,0.0,0.0,nan,nan,nan
hu_disc_anneal_10,143,4055.0,909.0,96.54761904761905,1941435.0,985.0,0.00208866122224025,0.0004682103701643372,0.09801788735798889
hu_disc_lymph_20,331,2882.0,1227.0,106.74074074074075,796953.0,631.0,0.003616273481623132,0.001539614004840938,0.16916123730703764
relevant_subgroups_tumor_20,2186,10398.0,6026.0,693.2,nan,nan,nan,nan,nan
hu_disc_hypo_40,0,0.0,0.0,0.0,0.0,0.0,nan,nan,nan
hu_gen_tumor_30,1191,11244.0,4098.0,749.6,721851.0,600.5,0.015576621768204242,0.005677071861090447,1.248293089092423
hu_disc_hypo_30,0,0.0,0.0,0.0,0.0,0.0,nan,nan,nan
relevant_subgroups_anneal_40,230,4401.0,951.0,110.02500000000002,nan,nan,nan,nan,nan
hu_gen_hypo_20,47,1024.0,178.0,23.813953488372093,5253.0,51.0,0.19493622691795165,0.033885398819722065,0.46694026447788417
hu_closed_heart_50,483,2434.0,985.0,62.41025641025641,140185.0,264.5,0.01736277062453187,0.00702642936120127,0.23595560079492026
hu_closed_tumor_40,310,1319.0,699.0,87.93333333333334,48205.0,155.0,0.027362306814645784,0.01450057048024064,0.5673118279569893
hu_gen_audio_40,1808,34677.0,9365.0,533.4923076923077,8914753.0,2111.0,0.00388984417179029,0.0010505058300549661,0.25272018365339066
hu_minimal_vote_40,7501,70707.0,23187.0,4419.1875,25702775.666666668,3582.6666666666665,0.0027509480266638387,0.0009021204674820658,1.233491114625977
hu_closed_zoo_30,628,3554.0,2926.0,222.125,675703.0,581.0,0.005259707297436892,0.0043303048824705525,0.3823149741824441
relevant_subgroups_aus_40,12,88.0,16.0,1.9130434782608696,78.0,6.0,1.1282051282051282,0.20512820512820512,0.31884057971014496
hu_disc_vote_30,0,0.0,0.0,0.0,0.0,0.0,nan,nan,nan
relevant_subgroups_german_30,289,976.0,439.0,27.885714285714286,41905.0,144.5,0.023290776756950245,0.010476076840472498,0.1929807217004449
hu_gen_zoo_40,64,732.0,156.0,45.75,2213.0,33.0,0.33077270673294173,0.07049254405784004,1.3863636363636365
hu_closed_heart_40,3630,24073.0,13183.0,534.9555555555555,nan,nan,nan,nan,nan
hu_disc_hepatit_30,25,70.0,20.0,2.0588235294117645,248.0,10.75,0.28225806451612906,0.08064516129032258,0.19151846785225715
hu_disc_audio_20,64,478.0,19.0,7.134328358208955,1450.0,26.0,0.3296551724137931,0.01310344827586207,0.2743972445464983
hu_closed_aus_20,4312,74163.0,18107.0,1454.1764705882354,nan,nan,nan,nan,nan
hu_disc_tumor_50,0,0.0,0.0,nan,0.0,0.0,nan,nan,nan
relevant_subgroups_heart_40,23,118.0,30.0,2.95,264.5,11.25,0.44612476370510395,0.11342155009451796,0.26222222222222225
hu_gen_zoo_50,7,67.0,11.0,4.785714285714286,28.0,3.5,2.392857142857143,0.39285714285714285,1.3673469387755102
hu_disc_german_10,62,600.0,166.0,15.789473684210526,3003.0,38.5,0.1998001998001998,0.05527805527805528,0.41011619958988377
hu_disc_audio_50,0,0.0,0.0,0.0,0.0,0.0,nan,nan,nan
relevant_subgroups_vote_30,3,8.0,5.0,0.5,6.0,1.5,1.3333333333333333,0.8333333333333334,0.3333333333333333
hu_disc_heart_20,62,410.0,164.0,9.11111111111111,1719.0,29.0,0.2385107620709715,0.0954043048283886,0.31417624521072796
hu_gen_hepatit_40,9231,266804.0,36029.0,7847.176470588235,70193960.25,5839.375,0.0038009538007224776,0.0005132777787672979,1.343838419452122
hu_closed_anneal_50,4429,79641.0,22064.0,1942.4634146341461,nan,nan,nan,nan,nan
hu_gen_krvskp_30,166,3271.0,615.0,90.86111111111111,21528.0,103.5,0.15194165737644,0.028567447045707916,0.8778851315083199
