Exp_name, sols, incomp_total, incomp_avg, ni_total, ni_avg, ratio_total, ratio_avg
relevant_subgroups_vote_40,3,0,0,6,1.5,0,0
hu_gen_lymph_20,12996,227878,8439.925926,405597921,14240.5,0.000561832,0.592670617
hu_closed_zoo_20,4374,27727,1732.9375,30151495,3882.5,0.00091959,0.446345782
hu_closed_hepatit_50,3422,12207,359.0294118,11340703,2381,0.001076388,0.150789337
hu_disc_audio_10,130,7331,109.4179104,6489003,1801,0.001129758,0.060753976
hu_disc_lymph_30,1614,869,32.18518519,765727.5,572.25,0.001134868,0.056243224
hu_minimal_lymph_10,7209,104168,3858.074074,86286497.5,6564.5,0.001207234,0.587717888
hu_gen_lymph_30,9811,192797,7140.62963,152009226,7552.125,0.001268324,0.945512638
hu_disc_zoo_10,4955,31883,1992.6875,23069028,3396,0.00138207,0.586774882
hu_closed_vote_10,5267,21387,1336.6875,14308575,2674.5,0.001494698,0.49978968
hu_closed_audio_50,6699,301145,4705.390625,184099266,9594,0.001635775,0.490451389
hu_closed_audio_40,8283,396564,6100.984615,240013095,10954.5,0.00165226,0.556938666
hu_closed_audio_30,7357,372936,5566.208955,221456535,10522.5,0.001684014,0.528981607
hu_minimal_tumor_20,8627,84081,5605.4,46130602,4792.5,0.001822673,1.169619197
hu_closed_tumor_20,4741,23743,1582.866667,12323130,2482,0.001926702,0.637738383
hu_minimal_tumor_30,8733,85422,5694.8,43986613.5,4688.5,0.001942,1.214631545
hu_minimal_tumor_40,8626,84646,5643.066667,42695940,4619.75,0.00198253,1.2215091
hu_disc_anneal_10,143,4055,96.54761905,1941435,985,0.002088661,0.098017887
hu_minimal_tumor_50,8504,83463,5564.2,38717141.8,4379.3,0.002155712,1.270568356
hu_minimal_zoo_50,8948,86551,5409.4375,40037826,4474,0.002161731,1.209083035
hu_minimal_zoo_30,8454,81954,5122.125,35739285,4227,0.002293107,1.211763662
hu_disc_zoo_20,1475,1444,90.25,607150.5,494,0.002378323,0.182692308
hu_closed_vote_20,2983,10852,678.25,4528545,1504.5,0.002396355,0.450814224
hu_closed_hepatit_40,4363,24757,728.1470588,10107819.5,1596.25,0.002449292,0.456161039
hu_gen_zoo_20,4286,45002,2812.625,16585920,2879.5,0.002713265,0.976775482
hu_minimal_vote_40,5940,70707,4419.1875,25702775.67,3582.666667,0.002750948,1.233491115
hu_closed_audio_20,9667,510371,7617.477612,182933199.8,6762.5,0.002789931,1.126429222
hu_closed_tumor_10,3812,21710,1447.333333,7267578,1906,0.00298724,0.759356418
hu_gen_hepatit_10,4643,76378,2246.411765,25429146,3565.5,0.003003561,0.630041162
hu_gen_lymph_10,2391,34299,1270.333333,11160450,2362,0.003073263,0.537821056
hu_closed_lymph_50,1420,1697,80.80952381,546173,457,0.003107074,0.176826091
hu_minimal_vote_20,6191,73398,4587.375,23152063.67,3400.833333,0.003170257,1.348897329
hu_minimal_tumor_10,7698,74663,4977.533333,23244184.33,2786,0.003212115,1.786623594
hu_minimal_vote_30,6156,73202,4575.125,22416119.6,2993.5,0.003265596,1.528353098
hu_gen_lymph_40,4181,89209,3304.037037,27162135,3685,0.003284315,0.89661792
hu_minimal_zoo_40,8936,86426,5401.625,26277946.67,2963.5,0.003288918,1.82271807
hu_closed_lymph_40,1576,13188,488.4444444,3837835,1385,0.003436312,0.352667469
hu_disc_lymph_20,331,2882,106.7407407,796953,631,0.003616273,0.169161237
hu_gen_hepatit_40,9231,266804,7847.176471,70193960.25,5839.375,0.003800954,1.343838419
hu_gen_audio_40,1808,34677,533.4923077,8914753,2111,0.003889844,0.252720184
hu_gen_vote_10,9962,109203,6825.1875,27324583.5,2918.875,0.003996511,2.338293863
relevant_subgroups_lymph_40,1211,2450,136.1111111,603372,545.75,0.004060513,0.249401944
hu_gen_audio_20,268883,172709,3837.977778,39493828,4443.5,0.004373063,0.863728542
hu_minimal_zoo_20,4156,43507,2719.1875,8638246,2078,0.005036555,1.308559913
hu_closed_zoo_30,628,3554,222.125,675703,581,0.005259707,0.382314974
hu_closed_heart_30,7165,64790,1439.777778,12105660,2460,0.005352042,0.585275519
relevant_subgroups_zoo_10,3957,23965,1497.8125,4408965,1484.5,0.005435516,1.008967666
relevant_subgroups_tumor_20,2186,10398,693.2,1626306,901.5,0.006393631,0.768940654
hu_closed_tumor_30,1224,5463,364.2,736953,606.75,0.007412956,0.600247219
hu_closed_heart_40,3630,24073,534.9555556,3244502,900.75,0.007419629,0.593900145
hu_gen_vote_20,2983,33929,2120.5625,4492503,1498.5,0.00755236,1.415123457
hu_disc_lymph_10,758,1490,55.18518519,167778,266.75,0.008880783,0.206879795
hu_gen_tumor_20,1998,19339,1289.266667,2002003.5,1000.25,0.009659823,1.288944431
hu_minimal_vote_50,1679,21317,1332.3125,2165232.167,1022.75,0.009845134,1.302676607
hu_disc_vote_10,723,2595,162.1875,261726,361.5,0.009914949,0.448651452
hu_closed_lymph_10,397,5667,209.8888889,540280,519.5,0.010489006,0.40402096
hu_disc_tumor_10,1006,5537,369.1333333,506521,503,0.010931432,0.733863486
hu_gen_hepatit_20,1819,38811,1141.5,3512575,1325,0.011049159,0.861509434
relevant_subgroups_lymph_50,439,1105,73.66666667,94193,216.75,0.011731233,0.339869281
hu_closed_german_50,601,1679,55.96666667,141639.5,263.25,0.011854038,0.212598924
relevant_subgroups_zoo_20,814,4806,300.375,382595.5,430.25,0.01256157,0.698140616
hu_gen_zoo_30,1132,11959,747.4375,906246.5,665.5,0.013196189,1.123121713
hu_gen_hepatit_50,3610,108546,3192.529412,7971083,1987.75,0.013617472,1.606102081
hu_disc_anneal_20,19,450,10.71428571,32385,127,0.013895322,0.084364454
relevant_subgroups_hepatit_50,258,431,18.73913043,30570.5,123.25,0.014098559,0.152041626
hu_gen_tumor_30,1191,11244,749.6,721851,600.5,0.015576622,1.248293089
hu_closed_hepatit_20,179,2527,74.32352941,159330,282,0.015860164,0.263558615
relevant_subgroups_vote_20,628,1920,120,119805,244.5,0.016026042,0.490797546
hu_gen_lymph_50,1044,20259,880.826087,1262272.5,758.25,0.016049625,1.16165656
hu_disc_tumor_20,540,2352,156.8,145800,269.75,0.016131687,0.581278962
hu_closed_heart_50,483,2434,62.41025641,140185,264.5,0.017362771,0.235955601
hu_disc_audio_30,51,1351,20.46969697,64980,180,0.020791013,0.113720539
hu_disc_anneal_50,230,317,9.90625,15153,79,0.02091995,0.12539557
hu_closed_vote_30,268,777,48.5625,36046,134,0.02155579,0.362406716
hu_gen_anneal_10,886,13508,321.6190476,582660,539.5,0.023183332,0.596142813
relevant_subgroups_german_30,289,976,27.88571429,41905,144.5,0.023290777,0.192980722
hu_closed_anneal_50,4429,79641,1942.463415,3399528,1303.5,0.023427076,1.490190575
relevant_subgroups_hepatit_10,220,3940,115.8823529,162735,285,0.024211141,0.406604747
hu_closed_tumor_40,310,1319,87.93333333,48205,155,0.027362307,0.567311828
relevant_subgroups_tumor_30,348,1483,98.86666667,49253.5,156.5,0.030109535,0.631735889
hu_closed_aus_40,4474,41212,808.0784314,1148297.333,645.8333333,0.035889659,1.251218216
hu_closed_heart_10,3360,63540,1412,1658931,910.5,0.038301774,1.550796266
relevant_subgroups_hepatit_40,177,515,16.61290323,12882,79.5,0.039978264,0.208967336
hu_gen_hepatit_30,586,14458,425.2352941,352380,419.5,0.04102957,1.013671738
hu_closed_krvskp_50,381,4368,124.8,93096,215.5,0.046919309,0.579118329
hu_disc_hepatit_20,151,521,15.32352941,8958.5,66,0.058157058,0.232174688
hu_closed_hepatit_30,72,732,21.52941176,12246,78,0.05977462,0.2760181
hu_disc_heart_10,131,2210,49.11111111,36315,134.5,0.060856395,0.365138373
hu_closed_german_40,1969,11048,290.7368421,177906,298,0.06210021,0.975626987
relevant_subgroups_audio_30,168,461,7.092307692,7362,50,0.062618854,0.141846154
hu_gen_tumor_40,310,3021,201.4,48205,155,0.062669848,1.299354839
hu_disc_anneal_40,15,267,6.846153846,4005,44.5,0.066666667,0.153846154
hu_closed_zoo_40,43,168,10.5,2346,34,0.071611253,0.308823529
hu_gen_heart_10,256,3202.5,71.16666667,43660,147.5,0.073350893,0.482485876
hu_gen_heart_20,485,14788,328.6222222,169071,290.5,0.087466212,1.131229681
relevant_subgroups_heart_10,150,2717,60.37777778,30628,123.5,0.088709677,0.488888889
hu_gen_vote_30,268,3243,202.6875,36046,134,0.089968374,1.512593284
hu_gen_german_50,398,9954,331.8,100339.5,222.5,0.099203205,1.491235955
hu_gen_krvskp_40,1230,28051,779.1944444,281625,375,0.099604083,2.077851852
relevant_subgroups_heart_20,148,1772,39.37777778,17020,92,0.104112808,0.428019324
relevant_subgroups_zoo_30,63,282,17.625,2668.5,36,0.105677347,0.489583333
hu_closed_lymph_20,98,336,12.44444444,2966,36,0.113283884,0.345679012
hu_gen_heart_50,527,17461,447.7179487,151503,274.75,0.115251843,1.629546674
hu_disc_hepatit_10,21,365,10.73529412,3003,38.5,0.121545122,0.278838808
hu_closed_tumor_50,61,239,17.07142857,1891,30.5,0.126388154,0.55971897
hu_closed_hypo_20,39,900,20.93023256,6478.5,54.41666667,0.138921047,0.384629082
hu_closed_german_20,359,3805,100.1315789,26918,115.75,0.141355227,0.865067637
hu_gen_krvskp_30,166,3271,90.86111111,21528,103.5,0.151941657,0.877885132
relevant_subgroups_heart_50,36,103,3.961538462,648,17.75,0.158950617,0.223185265
relevant_subgroups_heart_30,90,647,14.37777778,3918,44,0.165135273,0.326767677
hu_closed_heart_20,8484,53773.5,1194.966667,315420.25,199.125,0.170482079,6.001088094
hu_disc_lymph_40,30,53,3.117647059,292.5,11.25,0.181196581,0.277124183
hu_gen_hypo_20,47,1024,23.81395349,5253,51,0.194936227,0.466940264
hu_disc_german_10,62,600,15.78947368,3003,38.5,0.1998002,0.4101162
hu_gen_hypo_40,1766,46578,1083.209302,225488,335.5,0.206565316,3.228641736
hu_closed_hypo_10,481,13015,302.6744186,61075,174.5,0.213098649,1.734523889
relevant_subgroups_tumor_40,39,147,10.5,685.5,18.25,0.214442013,0.575342466
hu_gen_german_30,144,4214,110.8947368,19503,98.5,0.216069323,1.125834892
relevant_subgroups_zoo_50,12,17,2.125,78,6,0.217948718,0.354166667
hu_disc_heart_20,62,410,9.111111111,1719,29,0.238510762,0.314176245
hu_closed_aus_30,9566,117802,2309.843137,492453,350.75,0.239214707,6.585440163
relevant_subgroups_audio_20,147,8043,120.0447761,33153,128.5,0.242602479,0.934200592
hu_disc_hepatit_30,25,70,2.058823529,248,10.75,0.282258065,0.191518468
hu_gen_tumor_50,61,554,39.57142857,1891,30.5,0.292966684,1.297423888
hu_disc_audio_20,64,478,7.134328358,1450,26,0.329655172,0.274397245
hu_gen_zoo_40,64,732,45.75,2213,33,0.330772707,1.386363636
hu_disc_tumor_30,19,69,4.6,190,9.5,0.363157895,0.484210526
relevant_subgroups_heart_40,23,118,2.95,264.5,11.25,0.446124764,0.262222222
hu_closed_aus_20,4312,74163,1454.176471,158203,281,0.468783778,5.175005233
hu_closed_german_30,9087,63511,1671.342105,134421,259,0.472478259,6.453058321
hu_gen_hypo_10,1029,19720,458.6046512,36856,135.5,0.535055351,3.384536171
hu_disc_vote_20,5,10,0.625,15,2.5,0.666666667,0.25
hu_disc_anneal_30,1,24,0.571428571,36,4,0.666666667,0.142857143
hu_closed_vote_40,5,12,0.75,15,2.5,0.8,0.3
relevant_subgroups_aus_50,10,46,1.533333333,55,5,0.836363636,0.306666667
hu_closed_zoo_50,7,24,1.714285714,28,3.5,0.857142857,0.489795918
hu_closed_krvskp_30,4371,31363,871.1944444,34525.5,116.25,0.908401037,7.494145759
hu_closed_krvskp_40,1035,13037,362.1388889,14028,83.5,0.929355575,4.336992681
relevant_subgroups_aus_40,12,88,1.913043478,78,6,1.128205128,0.31884058
hu_disc_zoo_30,5,17,1.133333333,15,2.5,1.133333333,0.453333333
hu_disc_hepatit_40,3,7,0.233333333,6,1.5,1.166666667,0.155555556
relevant_subgroups_aus_30,17,157,3.078431373,129,7.75,1.217054264,0.397216951
hu_disc_heart_30,7,36,0.8,28,3.5,1.285714286,0.228571429
relevant_subgroups_vote_30,3,8,0.5,6,1.5,1.333333333,0.333333333
hu_gen_hypo_30,3222,79401,1846.534884,59418.5,129.25,1.336300984,14.28653682
hu_closed_anneal_10,15751,452551,10775.02381,335790,409.5,1.347720301,26.31263446
relevant_subgroups_german_40,4,14,0.518518519,10,2,1.4,0.259259259
hu_disc_heart_40,2,6,0.15,3,1,2,0.15
hu_closed_lymph_30,6,34,1.259259259,15.5,2.5,2.193548387,0.503703704
relevant_subgroups_tumor_50,2,7,0.538461538,3,1,2.333333333,0.538461538
hu_gen_zoo_50,7,67,4.785714286,28,3.5,2.392857143,1.367346939
hu_gen_hypo_50,20634,453130.4,11361.56463,183068,261.6666667,2.475202657,43.41999223
relevant_subgroups_hepatit_30,2,9,0.264705882,3,1,3,0.264705882
hu_disc_tumor_40,1,3,0.214285714,1,0.5,3,0.428571429
hu_gen_heart_30,21,710,15.77777778,231,10.5,3.073593074,1.502645503
hu_closed_anneal_40,9163,182555,4346.547619,55814,118,3.270774358,36.83514931
relevant_subgroups_zoo_40,3,10,0.666666667,3,1,3.333333333,0.666666667
hu_gen_anneal_20,404735,4151597.5,98847.55952,1216020,779.5,3.414086528,126.8089282
hu_gen_aus_10,8912,121273,2377.901961,33153,128.5,3.65797967,18.50507362
hu_gen_aus_40,18,699,13.70588235,190,9.5,3.678947368,1.442724458
hu_gen_aus_20,5,78,1.529411765,21,3,3.714285714,0.509803922
hu_gen_vote_40,5,63,3.9375,15,2.5,4.2,1.575
relevant_subgroups_hepatit_20,2,13,0.382352941,3,1,4.333333333,0.382352941
hu_gen_german_20,6,161,4.236842105,28,3.5,5.75,1.210526316
relevant_subgroups_aus_20,2,33,0.647058824,3,1,11,0.647058824
hu_gen_krvskp_10,45732,370907,10302.97222,13663.5,61,27.14582647,168.901184
hu_minimal_lymph_40,131705,2550115,94448.7037,171,9,14912.95322,10494.30041
